{
  "timeZone": "America/New_York",
  "dependencies": {
    "enabledAdvancedServices": [
      {
        "userSymbol": "Sheets",
        "serviceId": "sheets",
        "version": "v4"
      }
    ],
    "libraries": [
      {
        "userSymbol": "OAuth2",
        "libraryId": "1B7FSrk5Zi6L1rSxxTDgDEUsPzlukDsi4KGuTMorsTQHhGBzBkMun4iDF",
        "version": "35",
        "developmentMode": true
      }
    ]
  },
  "exceptionLogging": "STACKDRIVER",
  "oauthScopes": [
    "https://www.googleapis.com/auth/adwords",
    "https://www.googleapis.com/auth/display-video",
    "https://www.googleapis.com/auth/script.external_request",
    "https://www.googleapis.com/auth/spreadsheets"
  ],
  "runtimeVersion": "V8"
}
